{
  "spearman": 0.09452424342803042,
  "top_1pct_capture": 0.11596958174904944,
  "revenue_capture_1pct": 0.21360214326654944,
  "auc": 0.5677232983897089,
  "mae": 0.029726785427812145,
  "rmse": 0.3088405990739842,
  "training_time": 123.21312379837036,
  "n_features": 49,
  "n_train": 3436660,
  "n_val": 736427,
  "n_test": 736428,
  "label_window_minutes": 15.0
}