{
  "config": {
    "model_name": "baseline_ridge_v1",
    "model_type": "Ridge",
    "alpha": 1.0,
    "train_days": 7,
    "val_days": 7,
    "test_days": 7,
    "target_col": "target_raw",
    "whale_threshold": 100,
    "random_state": 42
  },
  "stats": {
    "train_samples": 1629415,
    "val_samples": 1717199,
    "test_samples": 1409533,
    "n_features": 31,
    "train_gift_rate": 0.01289419822451616,
    "val_gift_rate": 0.01327335969797327,
    "test_gift_rate": 0.015530675762823574,
    "train_total_revenue": 1796936.0,
    "val_total_revenue": 1804728.0,
    "test_total_revenue": 1809367.0
  },
  "train_metrics": {
    "train_mse": 5986.6993412913,
    "train_rmse": 77.37376390800243
  },
  "evaluation": {
    "train": {
      "n_samples": 1629415,
      "n_gifters": 21010,
      "n_whales": 2000,
      "whale_threshold": 100,
      "gift_rate": 0.01289419822451616,
      "whale_rate": 0.0012274343859606054,
      "total_revenue": 1796936.0,
      "revcap_1pct": 0.29101314682325913,
      "revcap_curve": {
        "0.1%": 0.18869564636692682,
        "0.5%": 0.25964808985962773,
        "1%": 0.29101314682325913,
        "2%": 0.34573351527266416,
        "5%": 0.43598325149031464,
        "10%": 0.5058004291749957
      },
      "oracle_curve": {
        "0.1%": 0.8942794846338434,
        "0.5%": 0.9895850492171118,
        "1%": 0.9973755325732246,
        "2%": 1.0,
        "5%": 1.0,
        "10%": 1.0
      },
      "normalized_curve": {
        "0.1%": 0.2110029913569883,
        "0.5%": 0.2623807726936078,
        "1%": 0.2917789110711854,
        "2%": 0.34573351527266416,
        "5%": 0.43598325149031464,
        "10%": 0.5058004291749957
      },
      "whale_recall_1pct": 0.2105,
      "whale_precision_1pct": 0.025837731680373142,
      "avg_revenue_1pct": 32.09353136123727,
      "gift_rate_1pct": 0.07689947219835522,
      "calibration": {
        "top_0.1%": {
          "sum_ratio": 1.2545327356791167,
          "mean_ratio": 1.254532735679117
        },
        "top_0.5%": {
          "sum_ratio": 1.2100672544041853,
          "mean_ratio": 1.210067254404185
        },
        "top_1.0%": {
          "sum_ratio": 1.1723822177489243,
          "mean_ratio": 1.1723822177489243
        },
        "top_5.0%": {
          "sum_ratio": 1.0010332770119434,
          "mean_ratio": 1.0010332770119432
        }
      },
      "metrics_by_k": {
        "0.1%": {
          "revcap": 0.18869564636692682,
          "whale_recall": 0.098,
          "whale_precision": 0.12031921424186617,
          "avg_revenue": 208.14855739717618,
          "gift_rate": 0.17372621240024555,
          "oracle_revcap": 0.8942794846338434,
          "normalized_revcap": 0.2110029913569883
        },
        "0.5%": {
          "revcap": 0.25964808985962773,
          "whale_recall": 0.1825,
          "whale_precision": 0.04480176752178716,
          "avg_revenue": 57.26905609426783,
          "gift_rate": 0.0972136982938505,
          "oracle_revcap": 0.9895850492171118,
          "normalized_revcap": 0.2623807726936078
        },
        "1%": {
          "revcap": 0.29101314682325913,
          "whale_recall": 0.2105,
          "whale_precision": 0.025837731680373142,
          "avg_revenue": 32.09353136123727,
          "gift_rate": 0.07689947219835522,
          "oracle_revcap": 0.9973755325732246,
          "normalized_revcap": 0.2917789110711854
        },
        "2%": {
          "revcap": 0.34573351527266416,
          "whale_recall": 0.256,
          "whale_precision": 0.015711304774763717,
          "avg_revenue": 19.06410335092672,
          "gift_rate": 0.06622069473425801,
          "oracle_revcap": 1.0,
          "normalized_revcap": 0.34573351527266416
        },
        "5%": {
          "revcap": 0.43598325149031464,
          "whale_recall": 0.308,
          "whale_precision": 0.007561065422855039,
          "avg_revenue": 9.616226831962686,
          "gift_rate": 0.039720142383699523,
          "oracle_revcap": 1.0,
          "normalized_revcap": 0.43598325149031464
        },
        "10%": {
          "revcap": 0.5058004291749957,
          "whale_recall": 0.3815,
          "whale_precision": 0.004682676551635254,
          "avg_revenue": 5.578037449138032,
          "gift_rate": 0.02866681805070547,
          "oracle_revcap": 1.0,
          "normalized_revcap": 0.5058004291749957
        }
      },
      "stability": {
        "mean": 0.33252391147074495,
        "std": 0.12344832301725416,
        "cv": 0.3712464540406893,
        "ci_lower": 0.23903235148251534,
        "ci_upper": 0.4208743353337508,
        "min": 0.11939539685658766,
        "max": 0.465617545605876,
        "min_date": "2025-05-05",
        "max_date": "2025-05-10"
      },
      "ndcg_100": 0.17453038108317473,
      "spearman": 0.033812752931846976
    },
    "val": {
      "n_samples": 1717199,
      "n_gifters": 22793,
      "n_whales": 2064,
      "whale_threshold": 100,
      "gift_rate": 0.01327335969797327,
      "whale_rate": 0.00120195737360667,
      "total_revenue": 1804728.0,
      "revcap_1pct": 0.44928820298682126,
      "revcap_curve": {
        "0.1%": 0.29956868846718177,
        "0.5%": 0.4075738837098998,
        "1%": 0.44928820298682126,
        "2%": 0.5086068371521913,
        "5%": 0.5937509696752087,
        "10%": 0.6470288043405987
      },
      "oracle_curve": {
        "0.1%": 0.8876268335172945,
        "0.5%": 0.9881256344446365,
        "1%": 0.9968848491296195,
        "2%": 1.0,
        "5%": 1.0,
        "10%": 1.0
      },
      "normalized_curve": {
        "0.1%": 0.33749395258829223,
        "0.5%": 0.41247172373882546,
        "1%": 0.4506921771146336,
        "2%": 0.5086068371521913,
        "5%": 0.5937509696752087,
        "10%": 0.6470288043405987
      },
      "whale_recall_1pct": 0.32655038759689925,
      "whale_precision_1pct": 0.03925222759303477,
      "avg_revenue_1pct": 47.22165278667521,
      "gift_rate_1pct": 0.08502708054277561,
      "calibration": {
        "top_0.1%": {
          "sum_ratio": 1.477146490365838,
          "mean_ratio": 1.4771464903658378
        },
        "top_0.5%": {
          "sum_ratio": 1.7781239416658245,
          "mean_ratio": 1.7781239416658245
        },
        "top_1.0%": {
          "sum_ratio": 1.8687468288609563,
          "mean_ratio": 1.8687468288609563
        },
        "top_5.0%": {
          "sum_ratio": 1.7762984297516886,
          "mean_ratio": 1.7762984297516888
        }
      },
      "metrics_by_k": {
        "0.1%": {
          "revcap": 0.29956868846718177,
          "whale_recall": 0.125484496124031,
          "whale_precision": 0.15084449621432733,
          "avg_revenue": 314.87478159580667,
          "gift_rate": 0.21490972626674432,
          "oracle_revcap": 0.8876268335172945,
          "normalized_revcap": 0.33749395258829223
        },
        "0.5%": {
          "revcap": 0.4075738837098998,
          "whale_recall": 0.25193798449612403,
          "whale_precision": 0.060570762958648806,
          "avg_revenue": 85.67967384973791,
          "gift_rate": 0.11240535818287711,
          "oracle_revcap": 0.9881256344446365,
          "normalized_revcap": 0.41247172373882546
        },
        "1%": {
          "revcap": 0.44928820298682126,
          "whale_recall": 0.32655038759689925,
          "whale_precision": 0.03925222759303477,
          "avg_revenue": 47.22165278667521,
          "gift_rate": 0.08502708054277561,
          "oracle_revcap": 0.9968848491296195,
          "normalized_revcap": 0.4506921771146336
        },
        "2%": {
          "revcap": 0.5086068371521913,
          "whale_recall": 0.39244186046511625,
          "whale_precision": 0.023585592406021604,
          "avg_revenue": 26.727338904580265,
          "gift_rate": 0.07043647904958798,
          "oracle_revcap": 1.0,
          "normalized_revcap": 0.5086068371521913
        },
        "5%": {
          "revcap": 0.5937509696752087,