{
  "Exp A: Default": {
    "auc": 0.6087098550938669,
    "pr_auc": 0.05681167036347297,
    "precision_1pct": 0.19242259641499185,
    "recall_1pct": 0.11698175513910675,
    "precision_5pct": 0.08557616577496538,
    "recall_5pct": 0.26013374060926275,
    "precision_10pct": 0.05031096385214959,
    "recall_10pct": 0.30586972673986623,
    "best_f1": 0.1708396835271879,
    "best_threshold": 0.029921773860768452,
    "training_time": 185.01288676261902
  },
  "Exp B: Weighted": {
    "auc": 0.6084889335333135,
    "pr_auc": 0.04963552641771643,
    "precision_1pct": 0.15521455730581205,
    "recall_1pct": 0.09436142986873607,
    "precision_5pct": 0.08557616577496538,
    "recall_5pct": 0.26013374060926275,
    "precision_10pct": 0.05031096385214959,
    "recall_10pct": 0.30586972673986623,
    "best_f1": 0.17379111985016732,
    "best_threshold": 0.3327414433745022,
    "training_time": 84.92446947097778
  },
  "Exp C: Undersample": {
    "auc": 0.6085711328279828,
    "pr_auc": 0.05289805641944257,
    "precision_1pct": 0.16417707767517653,
    "recall_1pct": 0.09981012135721952,
    "precision_5pct": 0.08557616577496538,
    "recall_5pct": 0.26013374060926275,
    "precision_10pct": 0.05031096385214959,
    "recall_10pct": 0.30586972673986623,
    "best_f1": 0.17309266690270977,
    "best_threshold": 0.12801067695277255,
    "training_time": 104.90942478179932
  },
  "Exp D: DART": {
    "auc": 0.573643157576943,
    "pr_auc": 0.05270096141057105,
    "precision_1pct": 0.12954915806626832,
    "recall_1pct": 0.07875835878807892,
    "precision_5pct": 0.08736862116726868,
    "recall_5pct": 0.26558243209774623,
    "precision_10pct": 0.05210341924445289,
    "recall_10pct": 0.31676710971683314,
    "best_f1": 0.16516304189618808,
    "best_threshold": 0.012935148292641935,
    "training_time": 1924.0704567432404
  },
  "Exp E: Two-Stage": {
    "spearman": 0.09480422732797558,
    "top_1pct_capture": 0.11827810972297664,
    "revenue_capture_1pct": 0.25890441658306046,
    "stage1_auc": 0.6087098550938669,
    "training_time": 671.701235294342,
    "best_stage1": "Exp A: Default"
  }
}