{
  "1min": {
    "name": "1min Window",
    "window_minutes": 1,
    "test_samples": 1409533,
    "test_gift_rate": 0.015367501151090467,
    "test_total_revenue": 1758581.0,
    "revcap_1pct": 0.5136243368943484,
    "revcap_0.5pct": 0.4334835870511509,
    "revcap_2pct": 0.5634019701111294,
    "whale_recall_1pct": 0.3458683819891143,
    "whale_precision_1pct": 0.04959205391982973,
    "cv": 0.09408877883269263
  },
  "60min": {
    "name": "60min Window",
    "window_minutes": 60,
    "test_samples": 1409533,
    "test_gift_rate": 0.015530675762823574,
    "test_total_revenue": 1809367.0,
    "revcap_1pct": 0.5097733074605649,
    "revcap_0.5pct": 0.4291788233122412,
    "revcap_2pct": 0.5592480685234118,
    "whale_recall_1pct": 0.34563106796116505,
    "whale_precision_1pct": 0.05051436679673643,
    "cv": 0.10354861025373066
  }
}