{
  "ridge": {
    "name": "Ridge (Baseline)",
    "rev_cap_0.01": 0.526043647814531,
    "rev_cap_0.05": 0.6471874043978082,
    "rev_cap_0.10": 0.7014095074097814,
    "gift_rate_0.01": 0.11074849237318198,
    "gift_rate_0.05": 0.08032521709518134,
    "spearman": 0.060816507454987664
  },
  "lgb_no_early_stop": {
    "name": "LightGBM (No Early Stop, 500 trees)",
    "rev_cap_0.01": 0.34946887538652516,
    "rev_cap_0.05": 0.4874686854349628,
    "rev_cap_0.10": 0.5566864620376075,
    "gift_rate_0.01": 0.12550549840368924,
    "gift_rate_0.05": 0.05994948634996311,
    "spearman": 0.04454774227001516
  },
  "lgb_lambdarank": {
    "name": "LightGBM (LambdaRank, 500 trees)",
    "rev_cap_0.01": 0.007426247010529903,
    "rev_cap_0.05": 0.0761080547575946,
    "rev_cap_0.10": 0.10485755780517174,
    "gift_rate_0.01": 0.024192976232706633,
    "gift_rate_0.05": 0.01552301492706737,
    "spearman": 0.0009069439741468341
  }
}