{
  "two_stage": {
    "name": "Two-Stage",
    "spearman": 0.0996828809074009,
    "rev_cap_0.01": 0.32009224582404855,
    "gift_rate_0.01": 0.2360411493437389,
    "rev_cap_0.05": 0.5462314898645569,
    "gift_rate_0.05": 0.10193541063624496,
    "rev_cap_0.1": 0.6413671548930902,
    "gift_rate_0.1": 0.07021489432647762,
    "oracle_01": 0.9954206400985839
  },
  "three_stage": {
    "name": "Three-Stage",
    "spearman": 0.11281354754504358,
    "rev_cap_0.01": 0.2904211436134037,
    "gift_rate_0.01": 0.24214260376019867,
    "rev_cap_0.05": 0.534250223479445,
    "gift_rate_0.05": 0.10678812645439582,
    "rev_cap_0.1": 0.6337485699940485,
    "gift_rate_0.1": 0.07343582612643931,
    "oracle_01": 0.9954206400985839
  },
  "whale_threshold": 2.0,
  "train_distribution": {
    "non_gifter": 1606656,
    "small": 9695,
    "whale": 13064
  }
}