{
  "direct_raw_y": {
    "spearman": 0.060816507454987664,
    "rev_cap_0.01": 0.526043647814531,
    "gift_rate_0.01": 0.11074849237318198,
    "rev_cap_0.05": 0.6471874043978082,
    "gift_rate_0.05": 0.08032521709518134,
    "rev_cap_0.1": 0.7014095074097814,
    "gift_rate_0.1": 0.058083190850850994
  },
  "whale_only_raw_y": {
    "spearman": -0.020574349983788574,
    "rev_cap_0.01": 0.3947766183944702,
    "gift_rate_0.01": 0.05853139411138702,
    "rev_cap_0.05": 0.48244260527635807,
    "gift_rate_0.05": 0.028137238208751917,
    "rev_cap_0.1": 0.5280462527281674,
    "gift_rate_0.1": 0.02239044220413897
  },
  "whale_only_log_y": {
    "spearman": 0.029036272301681643,
    "rev_cap_0.01": 0.39771036777581514,
    "gift_rate_0.01": 0.09698474636395885,
    "rev_cap_0.05": 0.5168706100547376,
    "gift_rate_0.05": 0.04848459049889324,
    "rev_cap_0.1": 0.5657406607546231,
    "gift_rate_0.1": 0.03559342475860748
  },
  "whale_threshold": 100.0,
  "relative_improvement_raw_vs_log": -0.7376597692818163,
  "relative_improvement_raw_vs_direct": -24.953638346440414
}