{
  "constraint_comparison": {
    "no_constraint": {
      "revenue": {
        "mean": 30544.078599666165,
        "std": 36620.803614056254
      },
      "cold_start_success": {
        "mean": 0.1624,
        "std": 0.0386554006576054
      },
      "coverage": {
        "mean": 0.17332,
        "std": 0.017738590699376316
      },
      "gini": {
        "mean": 0.798925921412082,
        "std": 0.06568224486912998
      },
      "top_10_share": {
        "mean": 0.9791800596387107,
        "std": 0.012568341161699225
      }
    },
    "soft_cold_start": {
      "revenue": {
        "mean": 61746.44903548076,
        "std": 186953.84600415477
      },
      "cold_start_success": {
        "mean": 0.6144,
        "std": 0.06325061264525426
      },
      "coverage": {
        "mean": 0.16268000000000002,
        "std": 0.015597999871778434
      },
      "gini": {
        "mean": 0.8242643372319661,
        "std": 0.07217567885204677
      },
      "top_10_share": {
        "mean": 0.9782036793840412,
        "std": 0.013259197974839819
      },
      "revenue_loss_pct": -102.15521916629568,
      "cold_start_improvement_pct": 278.32340933861246
    },
    "soft_head_cap": {
      "revenue": {
        "mean": 30544.078599666165,
        "std": 36620.803614056254
      },
      "cold_start_success": {
        "mean": 0.1624,
        "std": 0.0386554006576054
      },
      "coverage": {
        "mean": 0.17332,
        "std": 0.017738590699376316
      },
      "gini": {
        "mean": 0.798925921412082,
        "std": 0.06568224486912998
      },
      "top_10_share": {
        "mean": 0.9791800596387107,
        "std": 0.012568341161699225
      },
      "revenue_loss_pct": 0.0,
      "cold_start_improvement_pct": 0.0
    },
    "soft_all": {
      "revenue": {
        "mean": 60903.087364143335,
        "std": 186770.42312973138
      },
      "cold_start_success": {
        "mean": 0.5656,
        "std": 0.060569299153944316
      },
      "coverage": {
        "mean": 0.16432,
        "std": 0.015815738996328942
      },
      "gini": {
        "mean": 0.8214938360984603,
        "std": 0.0752894005480534
      },
      "top_10_share": {
        "mean": 0.9854603191547509,
        "std": 0.009816218775589499
      },
      "revenue_loss_pct": -99.39408931723015,
      "cold_start_improvement_pct": 248.2743332861251
    },
    "hard_cold_start": {
      "revenue": {
        "mean": 28669.994386484454,
        "std": 18164.456842471034
      },
      "cold_start_success": {
        "mean": 0.19820000000000002,
        "std": 0.03642471688290796
      },
      "coverage": {
        "mean": 0.16784,
        "std": 0.018034810783592932
      },
      "gini": {
        "mean": 0.8190118685884872,
        "std": 0.061697693624586346
      },
      "top_10_share": {
        "mean": 0.9827639135504334,
        "std": 0.011677368642379086
      },
      "revenue_loss_pct": 6.135671132021624,
      "cold_start_improvement_pct": 22.0441992352264
    }
  },
  "strength_sweep": {
    "5": {
      "revenue_mean": 61746.44903548076,
      "cold_start_success_mean": 0.6144
    },
    "10": {
      "revenue_mean": 61746.44903548076,
      "cold_start_success_mean": 0.6144
    },
    "20": {
      "revenue_mean": 61746.44903548076,
      "cold_start_success_mean": 0.6144
    },
    "50": {
      "revenue_mean": 61746.44903548076,
      "cold_start_success_mean": 0.6144
    },
    "100": {
      "revenue_mean": 61746.44903548076,
      "cold_start_success_mean": 0.6144
    }
  },
  "coverage_over_time": {
    "no_constraint": [
      0.002,
      0.006,
      0.008,
      0.008,
      0.012,
      0.014,
      0.016,
      0.02,
      0.028,
      0.03,
      0.034,
      0.042,
      0.042,
      0.044,
      0.048,
      0.05,
      0.052,
      0.058,
      0.06,
      0.06,
      0.062,
      0.07,
      0.074,
      0.078,
      0.078,
      0.078,
      0.082,
      0.082,
      0.082,
      0.082,
      0.088,
      0.094,
      0.098,
      0.098,
      0.102,
      0.102,
      0.106,
      0.116,
      0.12,
      0.124,
      0.13,
      0.132,
      0.136,
      0.138,
      0.138,
      0.142,
      0.144,
      0.148,
      0.15,
      0.152,
      0.16,
      0.164,
      0.166,
      0.17,
      0.17,
      0.176,
      0.176,
      0.18,
      0.182,
      0.19,
      0.192,
      0.194,
      0.194,
      0.196,
      0.198,
      0.202,
      0.204,
      0.208,
      0.21,
      0.214,
      0.214,
      0.218,
      0.224,
      0.228,
      0.23,
      0.234,
      0.236,
      0.236,
      0.238,
      0.246,
      0.248,
      0.254,
      0.256,
      0.258,
      0.262,
      0.262,
      0.264,
      0.27,
      0.27,
      0.274,
      0.28,
      0.286,
      0.286,
      0.292,
      0.294,
      0.294,
      0.3,
      0.308,
      0.314,
      0.316,
      0.316,
      0.316,
      0.318,
      0.32,
      0.32,
      0.322,
      0.326,
      0.334,
      0.338,
      0.344,
      0.346,
      0.352,
      0.36,
      0.362,
      0.366,
      0.368,
      0.372,
      0.376,
      0.378,
      0.378,
      0.386,
      0.39,
      0.394,
      0.4,
      0.408,
      0.412,
      0.42,
      0.43,
      0.434,
      0.442,
      0.444,
      0.448,
      0.45,
      0.452,
      0.456,
      0.458,
      0.462,
      0.464,
      0.468,
      0.468,
      0.468,
      0.468,
      0.474,
      0.478,
      0.482,
      0.484,
      0.488,
      0.496,
      0.496,
      0.504,
      0.504,
      0.506,
      0.51,
      0.512,
      0.518,
      0.524,
      0.526,
      0.528,
      0.528,
      0.536,
      0.538,
      0.538,
      0.542,
      0.544,
      0.548,
      0.558,
      0.56,
      0.562,
      0.574,
      0.58,
      0.582,
      0.586,
      0.586,
      0.59,
      0.592,
      0.594,
      0.598,
      0.602,
      0.608,
      0.612,
      0.622,
      0.624,
      0.63,
      0.63,
      0.632,
      0.638,
      0.64,
      0.646,
      0.65,
      0.66,
      0.664,
      0.666,
      0.67,
      0.67,
      0.674,
      0.682,
      0.69,
      0.694,
      0.696,
      0.7
    ],