{
  "constraint_comparison": {
    "no_constraint": {
      "revenue": {
        "mean": 41593.8188626268,
        "std": 89492.9747538513
      },
      "cold_start_success": {
        "mean": 0.16829999999999998,
        "std": 0.04223872630655427
      },
      "coverage": {
        "mean": 0.1728,
        "std": 0.02023066978624287
      },
      "gini": {
        "mean": 0.8129607152701426,
        "std": 0.06979088137909896
      },
      "top_10_share": {
        "mean": 0.9809832243863084,
        "std": 0.01194113975332991
      }
    },
    "soft_cold_start": {
      "revenue": {
        "mean": 54881.61588441225,
        "std": 156106.36724276518
      },
      "cold_start_success": {
        "mean": 0.6111,
        "std": 0.06920830874974478
      },
      "coverage": {
        "mean": 0.16277999999999995,
        "std": 0.017113491753584363
      },
      "gini": {
        "mean": 0.8196351096924863,
        "std": 0.07299959017834771
      },
      "top_10_share": {
        "mean": 0.9770674351804135,
        "std": 0.014036455291690484
      },
      "revenue_loss_pct": -31.946566545552034,
      "cold_start_improvement_pct": 263.1000409979739
    },
    "soft_head_cap": {
      "revenue": {
        "mean": 41593.8188626268,
        "std": 89492.9747538513
      },
      "cold_start_success": {
        "mean": 0.16829999999999998,
        "std": 0.04223872630655427
      },
      "coverage": {
        "mean": 0.1728,
        "std": 0.02023066978624287
      },
      "gini": {
        "mean": 0.8129607152701426,
        "std": 0.06979088137909896
      },
      "top_10_share": {
        "mean": 0.9809832243863084,
        "std": 0.01194113975332991
      },
      "revenue_loss_pct": 0.0,
      "cold_start_improvement_pct": 0.0
    },
    "soft_all": {
      "revenue": {
        "mean": 54367.71298900595,
        "std": 156080.563950053
      },
      "cold_start_success": {
        "mean": 0.5571,
        "std": 0.06750251847153556
      },
      "coverage": {
        "mean": 0.16329999999999997,
        "std": 0.017282071635078937
      },
      "gini": {
        "mean": 0.8176637656650035,
        "std": 0.07383024680371002
      },
      "top_10_share": {
        "mean": 0.9850617722026359,
        "std": 0.010247452461178188
      },
      "revenue_loss_pct": -30.711039466147326,
      "cold_start_improvement_pct": 231.01467014456247
    },
    "hard_cold_start": {
      "revenue": {
        "mean": 29637.977720736988,
        "std": 26103.902960989108
      },
      "cold_start_success": {
        "mean": 0.19999999999999996,
        "std": 0.042
      },
      "coverage": {
        "mean": 0.16566,
        "std": 0.020327429744067496
      },
      "gini": {
        "mean": 0.8120082086306192,
        "std": 0.06164246364148775
      },
      "top_10_share": {
        "mean": 0.9836793129651454,
        "std": 0.01155578555494539
      },
      "revenue_loss_pct": 28.744273713786033,
      "cold_start_improvement_pct": 18.835301038021154
    }
  },
  "strength_sweep": {
    "5": {
      "revenue_mean": 61746.44903548076,
      "cold_start_success_mean": 0.6144
    },
    "10": {
      "revenue_mean": 61746.44903548076,
      "cold_start_success_mean": 0.6144
    },
    "20": {
      "revenue_mean": 61746.44903548076,
      "cold_start_success_mean": 0.6144
    },
    "50": {
      "revenue_mean": 61746.44903548076,
      "cold_start_success_mean": 0.6144
    },
    "100": {
      "revenue_mean": 61746.44903548076,
      "cold_start_success_mean": 0.6144
    }
  },
  "coverage_over_time": {
    "no_constraint": [
      0.002,
      0.006,
      0.008,
      0.008,
      0.012,
      0.014,
      0.016,
      0.02,
      0.028,
      0.03,
      0.034,
      0.042,
      0.042,
      0.044,
      0.048,
      0.05,
      0.052,
      0.058,
      0.06,
      0.06,
      0.062,
      0.07,
      0.074,
      0.078,
      0.078,
      0.078,
      0.082,
      0.082,
      0.082,
      0.082,
      0.088,
      0.094,
      0.098,
      0.098,
      0.102,
      0.102,
      0.106,
      0.116,
      0.12,
      0.124,
      0.13,
      0.132,
      0.136,
      0.138,
      0.138,
      0.142,
      0.144,
      0.148,
      0.15,
      0.152,
      0.16,
      0.164,
      0.166,
      0.17,
      0.17,
      0.176,
      0.176,
      0.18,
      0.182,
      0.19,
      0.192,
      0.194,
      0.194,
      0.196,
      0.198,
      0.202,
      0.204,
      0.208,
      0.21,
      0.214,
      0.214,
      0.218,
      0.224,
      0.228,
      0.23,
      0.234,
      0.236,
      0.236,
      0.238,
      0.246,
      0.248,
      0.254,
      0.256,
      0.258,
      0.262,
      0.262,
      0.264,
      0.27,
      0.27,
      0.274,
      0.28,
      0.286,
      0.286,
      0.292,
      0.294,
      0.294,
      0.3,
      0.308,
      0.314,
      0.316,
      0.316,
      0.316,
      0.318,
      0.32,
      0.32,
      0.322,
      0.326,
      0.334,
      0.338,
      0.344,
      0.346,
      0.352,
      0.36,
      0.362,
      0.366,
      0.368,
      0.372,
      0.376,
      0.378,
      0.378,
      0.386,
      0.39,
      0.394,
      0.4,
      0.408,
      0.412,
      0.42,
      0.43,
      0.434,
      0.442,
      0.444,
      0.448,
      0.45,
      0.452,
      0.456,
      0.458,
      0.462,
      0.464,
      0.468,
      0.468,
      0.468,
      0.468,
      0.474,
      0.478,
      0.482,
      0.484,
      0.488,
      0.496,
      0.496,
      0.504,
      0.504,
      0.506,
      0.51,
      0.512,
      0.518,
      0.524,
      0.526,
      0.528,
      0.528,
      0.536,
      0.538,
      0.538,
      0.542,
      0.544,
      0.548,
      0.558,
      0.56,
      0.562,
      0.574,
      0.58,
      0.582,
      0.586,
      0.586,
      0.59,
      0.592,
      0.594,
      0.598,
      0.602,
      0.608,
      0.612,
      0.622,
      0.624,
      0.63,
      0.63,
      0.632,
      0.638,
      0.64,
      0.646,
      0.65,
      0.66,
      0.664,
      0.666,
      0.67,
      0.67,
      0.674,
      0.682,
      0.69,
      0.694,
      0.696,
      0.7
    ],