{
  "policy_comparison": {
    "random": {
      "revenue": {
        "mean": 27005.39303684928,
        "std": 102204.99895861572
      },
      "gini": {
        "mean": 0.7808223934131482,
        "std": 0.08427945867156064
      },
      "top_10_share": {
        "mean": 0.9995008896396298,
        "std": 0.0008654679873068812
      },
      "coverage": {
        "mean": 0.10076,
        "std": 0.0101814733707848
      },
      "cold_start_success": {
        "mean": 0.09679999999999998,
        "std": 0.030095846889562686
      },
      "delta_revenue_pct": -13.199315666635133,
      "delta_gini": -0.011735226491443762
    },
    "greedy": {
      "revenue": {
        "mean": 31111.95867204565,
        "std": 36636.83498840814
      },
      "gini": {
        "mean": 0.792557619904592,
        "std": 0.06824093235220771
      },
      "top_10_share": {
        "mean": 0.9839946607038893,
        "std": 0.009815238146786495
      },
      "coverage": {
        "mean": 0.16040000000000001,
        "std": 0.015062536307010184
      },
      "cold_start_success": {
        "mean": 0.15120000000000003,
        "std": 0.03553252031590217
      }
    },
    "concave_log": {
      "revenue": {
        "mean": 30544.078599666165,
        "std": 36620.803614056254
      },
      "gini": {
        "mean": 0.798925921412082,
        "std": 0.06568224486912998
      },
      "top_10_share": {
        "mean": 0.9791800596387107,
        "std": 0.012568341161699225
      },
      "coverage": {
        "mean": 0.17332,
        "std": 0.017738590699376316
      },
      "cold_start_success": {
        "mean": 0.1624,
        "std": 0.0386554006576054
      },
      "delta_revenue_pct": -1.8252790779441659,
      "delta_gini": 0.006368301507490015
    },
    "concave_exp": {
      "revenue": {
        "mean": 30721.54999532747,
        "std": 36774.08377909491
      },
      "gini": {
        "mean": 0.7913829790567489,
        "std": 0.06759004568431165
      },
      "top_10_share": {
        "mean": 0.9812049953358642,
        "std": 0.01107773764620665
      },
      "coverage": {
        "mean": 0.16532,
        "std": 0.016097751395769536
      },
      "cold_start_success": {
        "mean": 0.1546,
        "std": 0.03705185555407448
      },
      "delta_revenue_pct": -1.2548508463691332,
      "delta_gini": -0.0011746408478430226
    },
    "greedy_with_cap": {
      "revenue": {
        "mean": 31111.883511839624,
        "std": 36636.749009888685
      },
      "gini": {
        "mean": 0.7925331846333379,
        "std": 0.06825459140396607
      },
      "top_10_share": {
        "mean": 0.9839602044396633,
        "std": 0.009817292525648547
      },
      "coverage": {
        "mean": 0.16048,
        "std": 0.015150234321620243
      },
      "cold_start_success": {
        "mean": 0.15140000000000003,
        "std": 0.03566566976799959
      },
      "delta_revenue_pct": -0.00024157979514761795,
      "delta_gini": -2.4435271254064084e-05
    }
  },
  "b_sweep": {
    "100": {
      "revenue_mean": 30437.700161863286,
      "gini_mean": 0.795309031461849
    },
    "500": {
      "revenue_mean": 30723.59031033739,
      "gini_mean": 0.792946192700096
    },
    "1000": {
      "revenue_mean": 30721.54999532747,
      "gini_mean": 0.7913829790567489
    },
    "5000": {
      "revenue_mean": 31067.832363139467,
      "gini_mean": 0.7929619218855828
    },
    "10000": {
      "revenue_mean": 31107.332987345886,
      "gini_mean": 0.7923434534068167
    }
  },
  "scale_effect": {
    "greedy": {
      "1000": 2942.003008710183,
      "5000": 15573.483879887057,
      "10000": 32550.528615887048,
      "50000": 834186.1850769167
    },
    "concave_log": {
      "1000": 2942.003008710183,
      "5000": 15586.36400465501,
      "10000": 32918.38072260166,
      "50000": 834109.9433582963
    }
  },
  "gate2_decision": "simplify_to_greedy",
  "dg3_result": "closed_negative",
  "config": {
    "n_users": 10000,
    "wealth_lognormal_mean": 2.5,
    "wealth_lognormal_std": 1.2,
    "wealth_pareto_alpha": 1.3,
    "wealth_pareto_min": 80,
    "wealth_pareto_weight": 0.05,
    "preference_dim": 16,
    "n_streamers": 500,
    "popularity_pareto_alpha": 1.2,
    "content_dim": 16,
    "new_streamer_ratio": 0.2,
    "gift_theta0": -6.5,
    "gift_theta1": 0.4,
    "gift_theta2": 0.8,
    "gift_theta3": 0.2,
    "gift_theta4": -0.05,
    "amount_mu0": 0.5,
    "amount_mu1": 0.9,
    "amount_mu2": 0.4,
    "amount_sigma": 1.5,
    "gamma": 0.02,
    "seed": 42
  }
}