{
  "experiment": "fair_comparison_v2",
  "timestamp": "2026-01-08T14:44:01.301122",
  "train_size": 1872509,
  "test_size": 1335406,
  "direct_reg": {
    "spearman": 0.3311018851025714,
    "top_1pct": 0.5450801258050022,
    "top_5pct": 0.41434776097049575,
    "top_10pct": 0.268578703010334,
    "mae_log": 0.04443932787820278,
    "ndcg_100": 0.2165426277883133
  },
  "two_stage": {
    "spearman": 0.24587737368919266,
    "top_1pct": 0.3573461135240377,
    "top_5pct": 0.4058559233188558,
    "top_10pct": 0.2737981129249663,
    "mae_log": 0.08108570590586182,
    "ndcg_100": 0.3594986931053595
  },
  "training": {
    "direct_iter": 162,
    "stage1_iter": 68,
    "stage2_iter": 105
  }
}