{
  "policy_comparison": {
    "greedy": {
      "revenue": {
        "mean": 248707.72885456207,
        "std": 22990.57090964985
      },
      "gini": {
        "mean": 0.5195114265989996,
        "std": 0.035975941290751524
      },
      "cold_start_success": {
        "mean": 0.9010000000000001,
        "std": 0.02794637722496425
      },
      "top_10_share": {
        "mean": 0.4272943038775696,
        "std": 0.043202998901145304
      }
    },
    "greedy_with_rules": {
      "revenue": {
        "mean": 259542.07637544713,
        "std": 38487.964259352724
      },
      "gini": {
        "mean": 0.5283671623473222,
        "std": 0.0475757534036991
      },
      "cold_start_success": {
        "mean": 0.9776,
        "std": 0.015041276541570546
      },
      "top_10_share": {
        "mean": 0.4466536074419883,
        "std": 0.05737442127337655
      }
    },
    "shadow_price_core": {
      "revenue": {
        "mean": 252936.6462011404,
        "std": 37233.87801481213
      },
      "gini": {
        "mean": 0.5277852253382492,
        "std": 0.04347310232079444
      },
      "cold_start_success": {
        "mean": 0.92,
        "std": 0.029257477676655572
      },
      "top_10_share": {
        "mean": 0.43956190297227776,
        "std": 0.05113944768742511
      },
      "capacity_satisfy_rate": {
        "mean": 0.8341200000000001,
        "std": 0.013543470751620495
      }
    },
    "shadow_price_all": {
      "revenue": {
        "mean": 255516.3854746396,
        "std": 41810.303408216845
      },
      "gini": {
        "mean": 0.5344306750000374,
        "std": 0.04834440021462644
      },
      "cold_start_success": {
        "mean": 0.915,
        "std": 0.030870698080866264
      },
      "top_10_share": {
        "mean": 0.4476801026523486,
        "std": 0.058917813942562805
      },
      "capacity_satisfy_rate": {
        "mean": 0.8281200000000001,
        "std": 0.014183990975744434
      }
    }
  },
  "lr_sweep": {
    "0.001": {
      "revenue_mean": 244616.77827653362,
      "revenue_std": 24219.72095945117,
      "cold_start_mean": 0.909,
      "capacity_satisfy_mean": 0.8283333333333333,
      "lambda_stability": 0.009085396868741323
    },
    "0.01": {
      "revenue_mean": 243572.79120282392,
      "revenue_std": 24176.310916578786,
      "cold_start_mean": 0.9109999999999999,
      "capacity_satisfy_mean": 0.8298666666666665,
      "lambda_stability": 0.06356072079651517
    },
    "0.05": {
      "revenue_mean": 245868.4017555341,
      "revenue_std": 25214.413006758117,
      "cold_start_mean": 0.9143333333333333,
      "capacity_satisfy_mean": 0.8298,
      "lambda_stability": 0.13936971858580557
    },
    "0.1": {
      "revenue_mean": 247039.10074094025,
      "revenue_std": 27476.57914480486,
      "cold_start_mean": 0.9116666666666667,
      "capacity_satisfy_mean": 0.8287333333333332,
      "lambda_stability": 0.16321640832268253
    },
    "0.2": {
      "revenue_mean": 249143.25244717125,
      "revenue_std": 26889.51896099627,
      "cold_start_mean": 0.9183333333333333,
      "capacity_satisfy_mean": 0.8261999999999999,
      "lambda_stability": 0.17494010764711407
    }
  },
  "constraint_ablation": {
    "capacity_only": {
      "revenue_mean": 248600.4572289665,
      "revenue_std": 23944.006138246066,
      "delta_vs_greedy_pct": 0.0,
      "cold_start_mean": 0.8983333333333333,
      "capacity_satisfy_mean": 0.8324
    },
    "+cold_start": {
      "revenue_mean": 247179.33663258346,
      "revenue_std": 21005.211046895467,
      "delta_vs_greedy_pct": -0.5716484242320382,
      "cold_start_mean": 0.9139999999999999,
      "capacity_satisfy_mean": 0.8288
    },
    "+head_cap": {
      "revenue_mean": 245868.4017555341,
      "revenue_std": 25214.413006758117,
      "delta_vs_greedy_pct": -1.0989744362843623,
      "cold_start_mean": 0.9143333333333333,
      "capacity_satisfy_mean": 0.8298
    },
    "+whale_spread": {
      "revenue_mean": 245868.4017555341,
      "revenue_std": 25214.413006758117,
      "delta_vs_greedy_pct": -1.0989744362843623,
      "cold_start_mean": 0.9143333333333333,
      "capacity_satisfy_mean": 0.8298
    },
    "+frequency": {
      "revenue_mean": 245866.59536616408,
      "revenue_std": 25214.546944578495,
      "delta_vs_greedy_pct": -1.0997010597951016,
      "cold_start_mean": 0.9146666666666667,
      "capacity_satisfy_mean": 0.8299333333333332
    }
  },
  "greedy_baseline_revenue": 248600.4572289665,
  "lambda_convergence": {
    "history": {
      "capacity": [
        0.1,
        0.1,
        0.1,
        0.1,
        0.1,
        0.1,
        0.1,
        0.1,
        0.1,
        0.1,
        0.1,
        0.1,
        0.1,
        0.1,
        0.1,
        0.1,
        0.1,
        0.1,
        0.1,
        0.1,
        0.1,
        0.1,
        0.1,
        0.1,
        0.1,
        0.1,
        0.1,
        0.1,
        0.1,
        0.1,
        0.1,
        0.1,
        0.1,
        0.1,
        0.1,
        0.1,
        0.1,
        0.1,
        0.1,
        0.1,
        0.1,
        0.1,
        0.1,
        0.1,
        0.1,
        0.1,
        0.1,
        0.1,
        0.1,
        0.1,
        0.1,
        0.1,
        0.1,
        0.1,
        0.1,
        0.1,
        0.1,
        0.1,
        0.1,
        0.1,
        0.1,
        0.1,
        0.1,
        0.1,
        0.1,
        0.1,
        0.1,
        0.1,
        0.1,
        0.1,
        0.1,
        0.1,
        0.1,
        0.1,
        0.1,
        0.1,
        0.1,
        0.1,
        0.1,
        0.1,
        0.1,
        0.1,
        0.1,
        0.1,
        0.1,
        0.1,
        0.1,
        0.1,
        0.1,
        0.1,
        0.1,
        0.1,
        0.1,
        0.1,
        0.1,
        0.1,
        0.1,
        0.1,
        0.1,
        0.1
      ],