{
  "calibration": {
    "gift_rate": {
      "real": 0.0148,
      "sim": 0.008772,
      "error_pct": 40.72972972972973
    },
    "user_gini": {
      "real": 0.942,
      "sim": 0.8024835026948616,
      "error_pct": 14.81066850373019
    },
    "streamer_gini": {
      "real": 0.93,
      "sim": 0.792557619904592,
      "error_pct": 14.778750547893344
    }
  },
  "aggregated_metrics": {
    "total_revenue": {
      "mean": 31111.95867204565,
      "std": 36636.83498840814,
      "min": 9531.869403214636,
      "max": 257204.1658575623
    },
    "n_gifts": {
      "mean": 87.72,
      "std": 9.051055187103877,
      "min": 69.0,
      "max": 108.0
    },
    "gift_rate": {
      "mean": 0.008772,
      "std": 0.0009051055187103877,
      "min": 0.0069,
      "max": 0.0108
    },
    "amount_mean": {
      "mean": 349.2488225677578,
      "std": 384.9914006321882,
      "min": 100.05259002767133,
      "max": 2707.412272184866
    },
    "amount_median": {
      "mean": 45.26607249166481,
      "std": 12.531314288485362,
      "min": 20.27132539951316,
      "max": 81.87135964632343
    },
    "amount_p90": {
      "mean": 524.5301047610578,
      "std": 183.39386984611826,
      "min": 222.13468061883572,
      "max": 1118.6926127715985
    },
    "amount_p99": {
      "mean": 4707.251860989383,
      "std": 5500.850928231809,
      "min": 912.1388697957062,
      "max": 31928.874078476696
    },
    "user_gini": {
      "mean": 0.8024835026948616,
      "std": 0.06584647402529192,
      "min": 0.6868384138971086,
      "max": 0.9651378116690965
    },
    "streamer_gini": {
      "mean": 0.792557619904592,
      "std": 0.06824093235220771,
      "min": 0.6640671869367366,
      "max": 0.962597235960369
    },
    "top_1_user_share": {
      "mean": 0.9924916528541907,
      "std": 0.005747258649182951,
      "min": 0.9754998450482795,
      "max": 0.9993134745831685
    },
    "top_10_streamer_share": {
      "mean": 0.9839946607038893,
      "std": 0.009815238146786495,
      "min": 0.9550320030897579,
      "max": 0.9983007147425581
    },
    "coverage": {
      "mean": 0.16040000000000001,
      "std": 0.015062536307010184,
      "min": 0.128,
      "max": 0.196
    },
    "cold_start_success_rate": {
      "mean": 0.15120000000000003,
      "std": 0.03553252031590217,
      "min": 0.06,
      "max": 0.26
    },
    "new_streamer_revenue": {
      "mean": 4059.4583819319364,
      "std": 3665.559407466224,
      "min": 554.0497957967985,
      "max": 16534.493724147876
    }
  },
  "policy_preview": {
    "random": {
      "revenue_mean": 27005.39303684928,
      "revenue_std": 102204.99895861572,
      "gini_mean": 0.7808223934131482,
      "gini_std": 0.08427945867156064,
      "top_10_share_mean": 0.9995008896396298
    },
    "greedy": {
      "revenue_mean": 31111.95867204565,
      "revenue_std": 36636.83498840814,
      "gini_mean": 0.792557619904592,
      "gini_std": 0.06824093235220771,
      "top_10_share_mean": 0.9839946607038893
    },
    "round_robin": {
      "revenue_mean": 13742.310876680585,
      "revenue_std": 10867.79662974915,
      "gini_mean": 0.786285085516462,
      "gini_std": 0.0716996923908931,
      "top_10_share_mean": 0.9995564689181529
    }
  },
  "externality_sweep": {
    "0": {
      "revenue_mean": 32601.929761280942,
      "gini_mean": 0.7840879389836294
    },
    "0.01": {
      "revenue_mean": 32574.79608023634,
      "gini_mean": 0.7839289655329597
    },
    "0.05": {
      "revenue_mean": 32412.48448147365,
      "gini_mean": 0.7847534022840745
    },
    "0.1": {
      "revenue_mean": 32324.400692099436,
      "gini_mean": 0.7838455363323186
    },
    "0.2": {
      "revenue_mean": 32152.775826651217,
      "gini_mean": 0.7836457363078946
    }
  },
  "config": {
    "n_users": 10000,
    "wealth_lognormal_mean": 2.5,
    "wealth_lognormal_std": 1.2,
    "wealth_pareto_alpha": 1.3,
    "wealth_pareto_min": 80,
    "wealth_pareto_weight": 0.05,
    "preference_dim": 16,
    "n_streamers": 500,
    "popularity_pareto_alpha": 1.2,
    "content_dim": 16,
    "new_streamer_ratio": 0.2,
    "gift_theta0": -6.5,
    "gift_theta1": 0.4,
    "gift_theta2": 0.8,
    "gift_theta3": 0.2,
    "gift_theta4": -0.05,
    "amount_mu0": 0.5,
    "amount_mu1": 0.9,
    "amount_mu2": 0.4,
    "amount_sigma": 1.5,
    "gamma": 0.02,
    "seed": 42
  }
}