{
  "versions": {
    "V1": {
      "amount_median": {
        "mean": 46.087601603427544,
        "std": 13.480041932840928
      },
      "amount_p90": {
        "mean": 536.7618931751193,
        "std": 218.08207902777272
      },
      "amount_p99": {
        "mean": 6985.221240642672,
        "std": 19764.362421822123
      },
      "amount_mean": {
        "mean": 490.89394648085056,
        "std": 1115.6051315751833
      },
      "user_gini": {
        "mean": 0.8159761403848219,
        "std": 0.06949862515635892
      },
      "gift_rate": {
        "mean": 0.008732,
        "std": 0.0010457418419476195
      },
      "top_1_user_share": 0.595073133517272,
      "errors": {
        "amount_median": 2204.3800801713774,
        "amount_p90": 509.9566967899083,
        "amount_p99": 369.4369113335129,
        "amount_mean": 493.583973979263
      }
    },
    "V2": {
      "amount_median": {
        "mean": 3.1612680837969305,
        "std": 1.5592783847819338
      },
      "amount_p90": {
        "mean": 111.94208528183576,
        "std": 50.81578540431775
      },
      "amount_p99": {
        "mean": 10168.002655908023,
        "std": 19147.8836604974
      },
      "amount_mean": {
        "mean": 461.7266382320602,
        "std": 602.2261229273732
      },
      "user_gini": {
        "mean": 0.9120147151940483,
        "std": 0.06717830262542708
      },
      "gift_rate": {
        "mean": 0.008673,
        "std": 0.0009851756188619365
      },
      "top_1_user_share": 0.8425454470880249,
      "errors": {
        "amount_median": 58.06340418984652,
        "amount_p90": 27.20691509299518,
        "amount_p99": 583.3335118217757,
        "amount_mean": 458.31516110285395
      }
    },
    "V2+": {
      "amount_median": {
        "mean": 2.0,
        "std": 0.0
      },
      "amount_p90": {
        "mean": 76.34811764705886,
        "std": 86.97806344918382
      },
      "amount_p99": {
        "mean": 1100.9961176470583,
        "std": 1073.6449470844425
      },
      "amount_mean": {
        "mean": 62.8863780071036,
        "std": 48.006990100381465
      },
      "user_gini": {
        "mean": 0.88710458211213,
        "std": 0.04075787726799959
      },
      "gift_rate": {
        "mean": 0.008782,
        "std": 0.0010226807908629164
      },
      "top_1_user_share": 0.46846287224789424,
      "errors": {
        "amount_median": 0.0,
        "amount_p90": 13.240775401069483,
        "amount_p99": 26.008325426945007,
        "amount_mean": 23.958430462994436
      }
    }
  },
  "calibration_targets": {
    "gift_rate": 0.0148,
    "user_gini": 0.942,
    "streamer_gini": 0.93,
    "top_1_user_share": 0.599,
    "amount_median": 2.0,
    "amount_p90": 88.0,
    "amount_p99": 1488.0,
    "amount_mean": 82.7
  },
  "gate4a": "PASS",
  "decision": "Proceed to MVP-4.2 (concurrency modeling)"
}